id;titulo;genero;sinopsis;director_id;
6;Un amor contra viento y marea;Comedia;'Los Singh son una familia india con grandes convicciones culturales de su naciÃ³n de origen, que emigraron a Reino Unido antes de nacer sus primeros hijos. Uno de ellos querrÃ¡ casarse con una mujer ajena a su cultura y para ello deberÃ¡ hacer todos los esfuerzos por convencer a su familia.';1;6
17;Los siete samurÃ¡is;AcciÃ³n;'Una banda de forajidos atemorizan a los habitantes de un pequeÃ±o pueblo, saqueÃ¡ndolos periÃ³dicamente sin piedad. Para repeler estos ataques, los aldeanos deciden contratar a mercenarios. Finalmente, consiguen los servicios de 7 guerreros, 7 samurais dispuestos a defenderlos a cambio, tan solo, de cobijo y comida.';2;17
63;Vivir;Drama;"'Kanji Watanabe es un viejo funcionario pÃºblico que arrastra una vida monÃ³tona y gris; sin embargo, no es consciente del vacÃ­o de su existencia hasta que le diagnostican un cÃ¡ncer incurable. Con la certeza de que el fin de sus dÃ­as se acerca, surge en Ã©l la necesidad de buscarle un sentido a la vida. Y cuando lo consigue se produce un cambio radical en su actitud respecto a los demÃ¡s.'";2;63
64;El infierno del odio;Crimen;'En un momento crucial de su vida financiera, Gondo, un hombre de negocios, recibe la noticia de que su hijo ha sido secuestrado, y el rescate exigido es una cantidad de dinero similar a la que necesita para cerrar una importante negociaciÃ³n. Gondo estÃ¡ dispuesto a pagar el rescate hasta que comprende que los secuestradores se han equivocado y se han llevado al hijo del chÃ³fer. Ahora deberÃ¡ decidir si el dinero es mÃ¡s importante que la vida del niÃ±o.';2;64
24;Psicosis;Terror;'Una joven secretaria, tras cometer un robo, se marcha de la ciudad y conduce durante horas, parando para descansar en un pequeÃ±o motel de carretera regentado por un joven llamado Norman. Todo parece normal y tranquilo en el apartado motel y en la casa de al lado en la que viven Norman y su madre pero, mientras estÃ¡ en la ducha, la joven es asesinada salvajemente a cuchilladas.';3;24
49;La ventana indiscreta;Thriller;'Un reportero fotogrÃ¡fico se ve obligado a permanecer en reposo con una pierna escayolada. A pesar de la compaÃ±Ã­a de su novia y de su enfermera, procura escapar al tedio, observando desde la ventana de su apartamento con unos prismÃ¡ticos lo que ocurre en las viviendas de enfrente. Debido a una serie de extraÃ±as circunstancias empieza a sospechar de un vecino cuya mujer ha desaparecido.';3;49
94;Una chica del siglo XX;RomÃ¡ntica;'Yeon-du le pide a su mejor amiga Bora que recopile toda la informaciÃ³n que pueda sobre Baek Hyun-jin mientras ella estÃ¡ en los Estados Unidos para someterse a una cirugÃ­a de corazÃ³n. Bora decide acercarse primero al mejor amigo de Baek, Pung Woon-ho. Sin embargo, el torpe plan de Bora se desarrolla en una direcciÃ³n inesperada. En 1999, un aÃ±o antes del nuevo siglo, Bora, que cumple diecisiete aÃ±os, cae en la fiebre del primer amor.';4;94
55;El crepÃºsculo de los dioses;Drama;'Joe Gillis es un joven escritor de segunda fila que, acosado por sus acreedores, se refugia casualmente en la mansiÃ³n de Norma Desmond, antigua estrella del cine mudo, que vive fuera de la realidad, acompaÃ±ada Ãºnicamente de su fiel criado Max. A partir de ese momento, la actriz pretende que Joe corrija un guiÃ³n que ella ha escrito y que va a significar su regreso al cine.';5;55
36;Spider-Man: Un nuevo universo;AcciÃ³n;'En un universo paralelo donde Peter Parker ha muerto, un joven de secundaria llamado Miles Morales es el nuevo Spider-Man. Sin embargo, cuando el lÃ­der mafioso Wilson Fisk construye el 'Super Colisionador' trae a una versiÃ³n alternativa de Peter Parker que tratarÃ¡ de enseÃ±ar a Miles como ser un mejor Spider-Man. Pero no serÃ¡ el Ãºnico Spider Man en entrar a este universo:  cuatro versiones alternativas buscan regresar a su universo antes de que toda la realidad se colapse.';6;36
9;ParÃ¡sitos;Comedia;'Tanto Gi Taek como su familia estÃ¡n sin trabajo. Cuando su hijo mayor, Gi Woo, empieza a recibir clases particulares en casa de Park, las dos familias, que tienen mucho en comÃºn pese a pertenecer a dos mundos totalmente distintos, comienzan una interrelaciÃ³n de resultados imprevisibles.';7;9
54;El gran dictador;Comedia;'Un humilde barbero judÃ­o tiene un parecido asombroso con el dictador de la naciÃ³n Tomania, que promete sacar adelante y que culpa a los judÃ­os de la situaciÃ³n del paÃ­s. El dictador ataca al paÃ­s fronterizo, pero es confundido con el barbero por sus propios guardias, siendo ingresado en un campo de concentraciÃ³n. SimultÃ¡neamente, el pobre barbero es confundido con el dictador...';8;54
66;Tiempos modernos;Comedia;'Extenuado por el frenÃ©tico ritmo de la cadena de montaje, un obrero metalÃºrgico acaba perdiendo la razÃ³n. DespuÃ©s de recuperarse en un hospital, sale y es encarcelado por participar en una manifestaciÃ³n en la que se encontraba por casualidad. En la cÃ¡rcel, tambiÃ©n sin pretenderlo, ayuda a controlar un motÃ­n, gracias a lo cual queda en libertad. Una vez fuera, reemprende la lucha por la supervivencia en compaÃ±Ã­a de una joven huÃ©rfana a la que conoce en la calle.';8;66
68;Luces de la ciudad;Comedia;'Un pobre vagabundo (Charles Chaplin) pasa mil y un avatares para conseguir dinero y ayudar a una pobre chica ciega (Virginia Cherill) de la que se ha enamorado.';8;68
65;El niÃ±o, el topo, el zorro y el caballo;AnimaciÃ³n;'SÃ© testigo del improbable vÃ­nculo entre cuatro amigos mientras exploran el significado de la bondad, el valor y la esperanza.';9;65
90;Liga de la Justicia Oscura: La Guerra Apokolips;AnimaciÃ³n;'Culminando seis aÃ±os de una aventura que comenzÃ³ con el lanzamiento de Justice League: War en 2014, Justice League Dark: Apokolips War presenta un planeta Tierra totalmente devastado por el tirano intergalÃ¡ctico Darkseid en el que los superhÃ©roes apenas han podido hacer frente a la guerra. Los Ãºltimos bastiones de guerreros que aÃºn quedan en pie deben reagruparse para crear una estrategia que les permita enfrentarse a Darkseid con el propÃ³sito de salvar al planeta y a sus pocos supervivientes. Esta es la guerra que acabarÃ¡ con todas las guerras.';10;90
8;El caballero oscuro;Drama;'Batman/Bruce Wayne regresa para continuar su guerra contra el crimen. Con la ayuda del teniente Jim Gordon y del Fiscal del Distrito Harvey Dent, Batman se propone destruir el crimen organizado en la ciudad de Gotham. El triunvirato demuestra su eficacia, pero, de repente, aparece Joker, un nuevo criminal que desencadena el caos y tiene aterrados a los ciudadanos.';11;8
27;Interstellar;Aventura;'Narra las aventuras de un grupo de exploradores que hacen uso de un agujero de gusano recientemente descubierto para superar las limitaciones de los viajes espaciales tripulados y vencer las inmensas distancias que tiene un viaje interestelar.';11;27
48;Origen;AcciÃ³n;'Dom Cobb es un ladrÃ³n hÃ¡bil, el mejor de todos, especializado en el peligroso arte de extracciÃ³n: el robo de secretos valiosos desde las profundidades del subconsciente durante el estado de sueÃ±o cuando la mente estÃ¡ mÃ¡s vulnerable. Esta habilidad excepcional de Cobb le ha hecho un jugador codiciado en el traicionero nuevo mundo de espionaje corporativo, pero al mismo tiempo, le ha convertido en un fugitivo internacional y ha tenido que sacrificar todo que le importaba. Ahora a Cobb se le ofrece una oportunidad para redimirse. Con un Ãºltimo trabajo podrÃ­a recuperar su vida anterior, pero solamente si logra lo imposible.';11;48
43;Whiplash;Drama;'El objetivo de Andrew Neiman, un joven y ambicioso baterista de jazz, es triunfar en el elitista Conservatorio de MÃºsica de la Costa Este en el que estudia. Marcado por el fracaso de la carrera literaria de su padre, Andrew alberga sueÃ±os de grandeza. Terence Fletcher, un profesor conocido tanto por su talento como por sus rigurosos mÃ©todos de enseÃ±anza, dirige el mejor conjunto de jazz del Conservatorio. Cuando Fletcher elige a Andrew y para formar parte del conjunto musical que dirige, cambia para siempre la vida del joven. La pasiÃ³n de Andrew por alcanzar la perfecciÃ³n se convierte en obsesiÃ³n, al tiempo que su despiadado profesor lo lleva al lÃ­mite de su capacidad y de su salud mental.';12;43
22;El club de la lucha;Drama;"'Un joven sin ilusiones lucha contra su insomnio, consecuencia quizÃ¡s de su hastÃ­o por su gris y rutinaria vida. En un viaje en aviÃ³n conoce a Tyler Durden, un carismÃ¡tico vendedor de jabÃ³n que sostiene una filosofÃ­a muy particular: el perfeccionismo es cosa de gentes dÃ©biles; en cambio, la autodestrucciÃ³n es lo Ãºnico que hace que realmente la vida merezca la pena. Ambos deciden entonces formar un club secreto de lucha donde descargar sus frustaciones y su ira que tendrÃ¡ un Ã©xito arrollador.'";13;22
47;Seven;Crimen;'El teniente Somerset, del departamento de homicidios, estÃ¡ a punto de jubilarse y ser reemplazado por el ambicioso y brillante detective David Mills. Ambos tendrÃ¡n que colaborar en la resoluciÃ³n de una serie de asesinatos cometidos por un psicÃ³pata que toma como base la relaciÃ³n de los siete pecados capitales: gula, pereza, soberbia, avaricia, envidia, lujuria e ira. Los cuerpos de las vÃ­ctimas, sobre los que el asesino se ensaÃ±a de manera impÃºdica, se convertirÃ¡n para los policÃ­as en un enigma que les obligarÃ¡ a viajar al horror y la barbarie mÃ¡s absoluta.';13;47
73;Masacre (Ven y mira);Drama;'PelÃ­cula de encargo para celebrar el 40 aniversario de la victoria aliada en la Segunda Guerra Mundial. Relata, a travÃ©s de los ojos de un niÃ±o progresivamente endurecido por el sufrimiento, la matanza sistemÃ¡tica de los habitantes de las aldeas bielorrusas, mÃ¡s de 600, durante la guerra.';14;73
26;Cosas imposibles;Familiar;'La vida es tan curiosa e impredecible que, a veces, uno encuentra la felicidad donde menos lo espera. Matilde es una mujer que, tras la muerte de su esposo â€“un hombre que abusÃ³ de ella constantementeâ€“, encuentra a su nuevo gran amigo en Miguel, su vecino joven, inseguro, desorientado y hasta dealer..';15;26
100;El bazar de las sorpresas;Comedia;'Alfred Kralik es el tÃ­mido jefe de vendedores de Matuschek y CompaÃ±Ã­a, una tienda de Budapest. Todas las maÃ±anas, los empleados esperan juntos la llegada de su jefe, Hugo Matuschek. A pesar de su timidez, Alfred responde al anuncio de un periÃ³dico y mantiene un romance por carta. Su jefe decide contratar a una tal Klara Novak en contra de la opiniÃ³n de Alfred. En el trabajo, Alfred discute constantemente con ella, sin sospechar que es su corresponsal secreta.';16;100
93;Una mujer y tres hombres;Drama;'Amarga crÃ³nica de la historia de Italia, desde la posguerra hasta los aÃ±os setenta, narrada a travÃ©s de un grupo de amigos de izquierdas que se conocieron cuando en 1944 lucharon contra los nazis. Este retrato del idealismo, pero tambiÃ©n de la inevitable pÃ©rdida de las ilusiones a causa del acomodamiento burguÃ©s, fue el primer Ã©xito internacional del realizador italiano Ettore Scola.';17;93
23;Ciudad de Dios;Drama;'Basada en hechos reales, cuenta la historia del crecimiento del crimen organizado en los suburbios de la ciudad de RÃ­o de Janeiro, desde finales de los aÃ±os sesenta hasta el comienzo de los ochenta, cuando el trÃ¡fico de drogas y la violencia impusieron su ley entre la miseria de las favelas.â€œBuscapÃ©â€ tiene 11 aÃ±os y es sÃ³lo un niÃ±o mÃ¡s en Cidade de Deus, un suburbio de RÃ­o de Janeiro. TÃ­mido y delicado, observa a los niÃ±os duros de su barrio, sus robos, sus peleas, sus enfrentamientos diarios con la policÃ­a. Ya sabe lo que quiere ser si consigue sobrevivir: fotÃ³grafo. â€œDadinhoâ€, un niÃ±o de su misma edad, se traslada al barrio. SueÃ±a con ser el criminal mÃ¡s peligroso de RÃ­o de Janeiro y empieza su aprendizaje haciendo recados para los delincuentes locales. Dos vidas paralelas en Cidade de Deus.';18;23
2;El padrino;Drama;"'Don Vito Corleone, conocido dentro de los cÃ­rculos del hampa como 'El Padrino', es el patriarca de una de las cinco familias que ejercen el mando de la Cosa Nostra en Nueva York en los aÃ±os cuarenta. Don Corleone tiene cuatro hijos: una chica, Connie, y tres varones; Sonny, Michael y Fredo. Cuando el Padrino reclina intervenir en el negocio de estupefacientes, empieza una cruenta lucha de violentos episodios entre las distintas familias del crimen organizado.'";19;2
3;El padrino. Parte II;Drama;'ContinuaciÃ³n de la saga de los Corleone con dos historias paralelas: la elecciÃ³n de Michael Corleone como jefe de los negocios familiares y los orÃ­genes del patriarca, el ya fallecido Don Vito, primero en Sicilia y luego en Estados Unidos, donde, empezando desde abajo, llegÃ³ a ser un poderosÃ­simo jefe de la mafia de Nueva York.';19;3
74;Apocalypse Now;Drama;'Durante la guerra de Vietnam, al joven CapitÃ¡n Willard, un oficial de los servicios de inteligencia del ejÃ©rcito estadounidense, se le ha encomendado entrar en Camboya con la peligrosa misiÃ³n de eliminar a Kurtz, un coronel renegado que se ha vuelto loco. El capitÃ¡n deberÃ¡ ir navegar por el rÃ­o hasta el corazÃ³n de la selva, donde parece ser que Kurtz reina como un buda despÃ³tico sobre los miembros de la tribu Montagnard, que le adoran como a un dios.';19;74
80;Â¡QuÃ© bello es vivir!;Drama;'Es la vigilia de Navidad en Bedford falls, NY, y George Bailey estÃ¡ planeando suicidarse. Pero un Ã¡ngel es enviado para detenerle en su intento. Ã‰l le enseÃ±arÃ¡ a George las cosas maravillosas de su juventud, cÃ³mo salvÃ³ la vida de su hermano y la de otros que, gracias a haber conocido a George, son felices. AsÃ­, nuestro amigo descubrirÃ¡ que... Â¡La vida es realmente un tesoro maravilloso que debemos disfrutar!';20;80
1;Cadena perpetua;Drama;'Acusado del asesinato de su mujer, Andrew Dufresne, tras ser condenado a cadena perpetua, es enviado a la prisiÃ³n de Shawshank. Con el paso de los aÃ±os conseguirÃ¡ ganarse la confianza del director del centro y el respeto de sus compaÃ±eros presidiarios, especialmente de Red, el jefe de la mafia de los sobornos.';21;1
10;La milla verde;FantasÃ­a;'En el sur de los Estados Unidos, en plena DepresiÃ³n, Paul Edgecomb es un vigilante penitenciario a cargo de la Milla Verde, un pasillo que separa las celdas de los reclusos condenados a la silla elÃ©ctrica. Esperando su ejecuciÃ³n estÃ¡ John Coffey, un gigantesco negro acusado de asesinar brutalmente a dos hermanas de nueve aÃ±os. Tras una personalidad ingenua, Coffey esconde un don sobrenatural prodigioso. A medida que transcurre la historia, Paul Edgecomb aprende que los milagros ocurren... incluso en los lugares mÃ¡s insospechados.';21;10
20;Cinema Paradiso;Drama;'En un pequeÃ±o pueblo siciliano durante los aÃ±os previos a la llegada de la televisiÃ³n (justo al finalizar la Segunda Guerra Mundial) el joven Toto vivÃ­a fascinado por el cine. Toto trata de entablar amistad con Alfredo, el proyeccionista del cine local, una persona muy irritable pero con un gran corazÃ³n. Todos estos hechos se presentan en forma de nostÃ¡lgicos recuerdos de Toto que ha crecido hasta convertirse en un cineasta de Ã©xito, y que revive a su infancia cuando recibe la noticia de que Alfredo ha muerto.';22;20
83;La leyenda del pianista en el ocÃ©ano;Drama;"'Historia de un niÃ±o que fue abandonado sobre el piano del Virginia, un enorme trasatlÃ¡ntico. El niÃ±o es adoptado por un maquinista y le pone por nombre ""Novecento"", ya que lo encuentra justo en el cambio de siglo. Novecento se convertirÃ¡ en un fabuloso pianista y amenizarÃ¡ las noches del Virginia. Pero nunca pisarÃ¡ tierra firme, ni tan sÃ³lo tras las sÃºplicas de su amigo Max.'";22;83
37;O Auto da Compadecida;Comedia;'En el interior del estado de ParÃ­ba, en el pueblo de TaperoÃ¡, viven JoÃ£o Grilo y ChicÃ³, dos tipos muy pobres que van anunciando por las calles la mejor pelÃ­cula del mundo, 'La PasiÃ³n de Cristo'. La sesiÃ³n tiene Ã©xito y ellos ganan algo de dinero pero siguen luchando por la supervivencia. JoÃ£o Grilo y ChicÃ³ planean nuevas tretas para conseguir algÃºn dinero y se enfrentan a numeroso desafÃ­os provocando mÃºltiples confusiones causadas por la astucia de JoÃ£o Grilo, siempre acompaÃ±ado de ChicÃ³.';23;37
97;Guardianes de la Noche: Tren infinito;AcciÃ³n;'Tanjiro y sus compaÃ±eros se unen al Pilar de las Llamas Kyojuro Rengoku para investigar una misteriosa serie de desapariciones que han ocurrido dentro del â€œTren Infinitoâ€. Poco saben que Enmu, uno de los miembros de las Doce Lunas DemonÃ­acas, tambiÃ©n estÃ¡ a bordo y les ha preparado una trampa.';24;97
7;El viaje de Chihiro;AnimaciÃ³n;'Durante el traslado de su familia a los suburbios, una niÃ±a de 10 aÃ±os de edad deambula por un mundo gobernado por dioses, brujas y espÃ­ritus, y donde los humanos se convierten en bestias.';25;7
35;El castillo ambulante;FantasÃ­a;'Sophie es una joven de 18 aÃ±os que trabaja sin descanso en la tienda de sombreros de la familia. En uno de sus frecuentes paseos conoce al enigmÃ¡tico mago Howl, lo que despierta la ira de la Bruja del PÃ¡ramo, que odia a Howl con todas sus fuerzas. Cuando Sophie vuelve a la tienda, la Bruja se hace pasar por una clienta para acercarse a ella y lanzarle un hechizoâ€¦ Â¡que convierte a Sophie en una anciana de 90 aÃ±os! Sophie, que no puede revelar su autÃ©ntica identidad, recurre a Howl para buscar una soluciÃ³n a su problema. Para ello se embarca en un viaje fantÃ¡stico en el castillo ambulante del mago, habitado por personajes de lo mÃ¡s curioso. Sophie necesita ayuda pero quizÃ¡s sea Howl el que realmente estÃ¡ en apuros.';25;35
53;La princesa Mononoke;Aventura;'Tras sufrir el ataque de un monstruoso jabalÃ­ maldito, el joven Ashitaka emprende el camino en busca de la cura que detenga la infecciÃ³n. Mientras, los humanos estÃ¡n acabando con los bosques y los dioses convertidos en temibles bestias hacen todo lo posible por protegerlo encabezados por Mononoke, una princesa guerrera. Ashikata deberÃ¡ escoger bando y decidir si ayudar a los hombres o las deidades intentando detener la maldiciÃ³n de su herida que se extiende por su cuerpo sin cuartel.';25;53
81;Given: The Movie;AnimaciÃ³n;'DespuÃ©s de la emisiÃ³n del episodio final de la adaptaciÃ³n de anime de Given, la cuenta oficial de Twitter anunciÃ³ que se lanzarÃ¡ una adaptaciÃ³n de largometraje en 2020, retomando directamente donde se detuvo la serie de televisiÃ³n.  La historia se centra en Ritsuka, un guitarrista que ha perdido el interÃ©s por tocar. Un dÃ­a, conoce a Mafuyu, que tiene una guitarra rota, y Ritsuka de mala gana comienza a enseÃ±arle a Mafuyu a tocar la guitarra, pero cuando escucha la voz de Mafuyu, las cosas comienzan a cambiar de repente para Ritsuka.';26;81
78;La mujer de la arena;Drama;'Un entomÃ³logo en busca de insectos en un desierto de arena se ve de repente atrapado conviviendo con una mujer que vive sola en una vieja casa, y con la que establecerÃ¡ una extraÃ±a relaciÃ³n.';27;78
39;El imperio contraataca;Aventura;'Tras un ataque sorpresa de las tropas imperiales a las bases camufladas de la alianza rebelde, Luke Skywalker, en compaÃ±Ã­a de R2D2, parte hacia el planeta Dagobah en busca de Yoda, el Ãºltimo maestro Jedi, para que le enseÃ±e los secretos de la Fuerza. Mientras, Han Solo, la princesa Leia, Chewbacca, y C3PO esquivan a las fuerzas imperiales y piden refugio al antiguo propietario del HalcÃ³n Milenario, Lando Calrissian, en la ciudad minera de Bespin, donde les prepara una trampa urdida por Darth Vader.';28;39
18;La tumba de las luciÃ©rnagas;AnimaciÃ³n;'Verano de 1945. La aviaciÃ³n estadounidense somete las ciudades japonesas a continuos ataques aÃ©reos. En uno de ellos, una incursiÃ³n con bombas incendiarias convierte la ciudad de KÅbe en un infierno humeante, para los dos protagonistas (Seita, de 14 aÃ±os, y su hermanita Setsuko, de 5). El joven Seita y su pequeÃ±a hermana Setsuko son hijos de un oficial de la marina japonesa. Durante la Segunda Guerra Mundial, ambos viven con su madre, pero un dÃ­a, tras un bombardeo, ellos se retrasan y no consiguen llegar al bÃºnker donde ella los espera.';29;18
67;La EvasiÃ³n;Drama;'Francia, 1947. Gaspard Claude ha sido acusado del intento de asesinato de su mujer, pero es inocente. Una vez en la cÃ¡rcel, comparte celda con cuatro duros criminales que han decidido escapar de la prisiÃ³n construyendo un laborioso tÃºnel. A duras penas, convencen al joven para que se una al plan de fuga y participe en la construcciÃ³n del tÃºnel.';30;67
84;Vengadores: Endgame;Aventura;"'DespuÃ©s de los eventos devastadores de 'Vengadores: Infinity War', el universo estÃ¡ en ruinas debido a las acciones de Thanos. Con la ayuda de los aliados que quedaron, los Vengadores deberÃ¡n reunirse una vez mÃ¡s para intentar deshacer sus acciones y restaurar el orden en el universo de una vez por todas, sin importar cuÃ¡les sean las consecuencias... Cuarta y Ãºltima entrega de la saga ""Vengadores"".'";31;84
89;Vengadores: Infinity War;Aventura;'El todopoderoso Thanos ha despertado con la promesa de arrasar con todo a su paso, portando el Guantelete del Infinito, que le confiere un poder incalculable. Los Ãºnicos capaces de pararle los pies son los Vengadores y el resto de superhÃ©roes de la galaxia, que deberÃ¡n estar dispuestos a sacrificarlo todo por un bien mayor. CapitÃ¡n AmÃ©rica e Ironman deberÃ¡n limar sus diferencias, Black Panther apoyarÃ¡ con sus tropas desde Wakanda, Thor y los Guardianes de la Galaxia e incluso Spider-Man se unirÃ¡n antes de que los planes de devastaciÃ³n y ruina pongan fin al universo. Â¿SerÃ¡n capaces de frenar el avance del titÃ¡n del caos?';31;89
92;El Gato con Botas: El Ãºltimo deseo;Aventura;'El Gato con Botas se embarca en un viaje Ã©pico para encontrar al mÃ­tico Ãšltimo Deseo y recuperar sus nueve vidas.';32;92
52;El silencio de los corderos;Crimen;'El FBI busca a 'Buffalo Bill', un asesino en serie que mata a sus vÃ­ctimas, todas adolescentes, despuÃ©s de prepararlas minuciosamente y arrancarles la piel. Para poder atraparlo recurren a Clarice Starling, una brillante licenciada universitaria, experta en conductas psicÃ³patas, que aspira a formar parte del FBI. Siguiendo las instrucciones de su jefe, Jack Crawford, Clarice visita la cÃ¡rcel de alta seguridad donde el gobierno mantiene encerrado a Hannibal Lecter, antiguo psicoanalista y asesino, dotado de una inteligencia superior a la normal. Su misiÃ³n serÃ¡ intentar sacarle informaciÃ³n sobre los patrones de conducta de 'Buffalo Bill'.';33;52
57;Dedicada A Mi Ex;Drama;'La pelÃ­cula cuenta la historia de Ariel, un joven de 21 aÃ±os que decide formar una banda de rock para competir por un premio de diez mil dÃ³lares en un concurso de bandas musicales, esta es la Ãºltima opciÃ³n cuando intenta obtener dinero para salvar su relaciÃ³n. y se reÃºne con su ex novia, que se rompe debido al viaje que debe hacer a Finlandia para una pasantÃ­a. Ariel con su amiga Ortega, decide hacer un casting para encontrar a los otros miembros de la banda, aunque no saben nada de mÃºsica, formando asÃ­ una banda con miembros que tienen personalidades diversas y opuestas.';34;57
77;A dos metros de ti;RomÃ¡ntica;'Will y Stella son dos adolescentes que padecen fibrosis quÃ­stica y estÃ¡n ingresados en el hospital para tratarse. Aunque ambos tratan de refugiarse en su propio mundo, de forma inevitable acaban enamorÃ¡ndose. La pareja deberÃ¡ luchar para mantener viva su relaciÃ³n, con una Ãºnica regla: separarse con una distancia de alrededor de dos metros para evitar que ambos se puedan contagiar. Sin embargo, la vida de ambos estarÃ¡ en peligro.';35;77
87;Clouds;Musical;'En esta inspiradora historia basada en hechos reales, el joven mÃºsico Zach Sobiech descubre que su cÃ¡ncer se ha extendido y que le quedan pocos meses de vida. A pesar de eso, decide cumplir su sueÃ±o de grabar un Ã¡lbum, sin saber que pronto se convertirÃ¡ en un fenÃ³meno viral. Al final, la mÃºsica le da un nuevo sentido a la vida de Zach y le ayuda a despedirse de todos... con una canciÃ³n que acabarÃ¡ escuchÃ¡ndose en todo el mundo.';35;87
85;Evangelion: 3.0+1.0 Thrice Upon a Time;AnimaciÃ³n;'La cuarta y Ãºltima entrega de Rebuild of Evangelion. Misato y su grupo anti-NERV Wille llegan a ParÃ­s, una ciudad roja por la coreizaciÃ³n. La tripulaciÃ³n del Wunder aterriza en una torre de contenciÃ³n. Tienen 720 segundos para restaurar la ciudad. Cuando aparece una horda de NERV Evas, la Unidad 8 del Eva mejorado de Mari debe interceptarla. Shinji, Asuka y Rei deambulan por JapÃ³n.';36;85
58;Neon Genesis Evangelion: The End of Evangelion;AnimaciÃ³n;"'Segunda de las 2 pelÃ­culas, ""Neon Genesis Evangelion: Death & Rebirth"", que trataban de dar un cierre a la altura de la serie Neon Genesis Evangelion, pues terminÃ³ de una forma crÃ­ptica y hermÃ©tica con su Ãºltimo capÃ­tulo 26, duramente criticado. La segunda parte, ""Rebirth"",  duraba 27 minutos y trataba los capÃ­tulos 25 y 26. Se estrenÃ³ en cines en 1997 y fue todo un Ã©xito de taquilla en JapÃ³n. Y aÃºn asÃ­, supo a poco, asÃ­ que se reinterpretaron y reeditaron de nuevo esos dos episodios en una nueva pelÃ­cula llamada The End of Evangelion que duraba hora y media y daba a toda la historia un final aÃºn mÃ¡s oscuro.'";37;58
45;Spider-Man: Cruzando el Multiverso;AnimaciÃ³n;'Tras reencontrarse con Gwen Stacy, el amigable vecindario de Spider-Man de Brooklyn al completo es catapultado a travÃ©s del Multiverso, donde se encuentra con un equipo de Spidermans encargados de proteger su propia existencia. Pero cuando los hÃ©roes se enfrentan sobre cÃ³mo manejar una nueva amenaza, Miles se encuentra enfrentado a las otras AraÃ±as y debe redefinir lo que significa ser un hÃ©roe para poder salvar a la gente que mÃ¡s quiere.';38;45
56;Josee, el tigre y los peces;AnimaciÃ³n;'Tsuneo es un estudiante que trabaja medio tiempo en un salÃ³n de Mah-Jong. Ãšltimamente, los clientes hablan de una anciana que empuja una misteriosa carreola en las calles. Un dÃ­a, descubre que es una joven paraplÃ©jica llamada Kumiko quien estÃ¡ allÃ­ y que se hace llamar Josee en referencia a su libro favorito. Entre ellos se desarrolla una amistad que poco a poco se convierte en amor.';39;56
69;Perfect Blue;AnimaciÃ³n;'Tras aÃ±os siendo una Ã­dolo juvenil que forma parte del exitoso trÃ­o musical CHAM!, Mima Kirigoe decide abandonar el grupo para perseguir su sueÃ±o de convertirse en actriz. Alentada por su entorno, decide romper con su imagen de niÃ±a buena y acepta un papel en una serie policÃ­aca subida de tono, lo que provoca la ira de muchos de sus fans. Pronto descubre que alguien estÃ¡ escribiendo un blog en internet en el que explica detalles Ã­ntimos sobre su vida y ademÃ¡s su misterioso acosador pasa a la acciÃ³n amenazando a sus seres queridos. Mientras los cadÃ¡veres comienzan a acumularse a su alrededor, la realidad y las alucinaciones se mezclan en un mundo terrorÃ­fico en el que no hay lugar para la inocencia y los sueÃ±os se convierten en pesadillas.';40;69
38;So Won;Drama;'Una niÃ±a llamada So Won se convierte en vÃ­ctima de la violencia. Su familia pasa por la desesperaciÃ³n y el dolor al intentar abrir otra puerta en su vida.';41;38
62;El profesional (LÃ©on);Crimen;'Stan es un corrupto agente de la DEA cuya codicia le lleva a cometer asesinatos en las calles de Nueva York. El mortal juego del gato y el ratÃ³n empieza cuando se cruza en su camino un solitario hombre, llamado LeÃ³n. LeÃ³n es asesino a sueldo, un personaje indestructible e indocumentado, que sÃ³lo bebe leche y se ocupa de sus plantas. En medio se encuentra una huerfanita de 12 aÃ±os, que no puede olvidar al hombre que asesinÃ³ a su familia.';42;62
11;Your Name;RomÃ¡ntica;'Taki y Mitsuha descubren un dÃ­a que durante el sueÃ±o sus cuerpos se intercambian, y comienzan a comunicarse por medio de notas. A medida que consiguen superar torpemente un reto tras otro, se va creando entre los dos un vÃ­nculo que poco a poco se convierte en algo mÃ¡s romÃ¡ntico.';43;11
16;Uno de los nuestros;Drama;'Henry, un niÃ±o de trece aÃ±os de Brooklyn, vive fascinado con el mundo de los gÃ¡ngsters. Su sueÃ±o se hace realidad cuando entra a formar parte de la familia Pauline, dueÃ±a absoluta de la zona, que lo educan como un miembro mÃ¡s de la banda convirtiÃ©ndole en un destacado mafioso.';44;16
44;Harakiri;AcciÃ³n;'Un samurÃ¡i pide permiso para practicarse el Seppuku (o Harakiri), ceremonia durante la cual se quitarÃ¡ la vida abriÃ©ndose el estÃ³mago al tiempo que otro samurÃ¡i lo decapitarÃ¡. Solicita tambiÃ©n poder contar la historia que le ha llevado a tomar tan trÃ¡gica decisiÃ³n.';45;44
46;Las Quintillizas: La PelÃ­cula;AnimaciÃ³n;'Como tutor a tiempo parcial, a Fuutarou se le asigna la tarea de guiar a las cinco hermosas chicas, que estÃ¡n â€œa punto de suspenderâ€ y â€œodian los estudiosâ€, hasta la â€œgraduaciÃ³nâ€. Fuutarou se esfuerza por preparar el festival escolar mientras vigila los estudios de Ichika, que ha decidido tomarse una licencia para concentrarse en la actuaciÃ³n, y Yotsuba estÃ¡ aÃºn mÃ¡s decidida que de costumbre a que sea un festival escolar sin remordimientos.  Fuutarou se siente animado por la decisiÃ³n de Itsuki de no rendirse, y busca respuestas a los sentimientos de Nino, la determinaciÃ³n de Miku y sus sentimientos por Ichika, Yotsuba e Itsuki. Con cada uno de ellos con sus propios pensamientos y sentimientos, el primer dÃ­a del festival escolar, el Ãºltimo evento de su vida en el instituto, finalmente comenzÃ³. â€œVen al salÃ³n de clases a las 15:00, el primer dÃ­a del festival escolarâ€. Las quintillizas se reÃºnen en el aula y Fuutarou finalmente les informa que tomarÃ¡ una decisiÃ³nâ€¦';46;46
79;Milagro en la celda 7;Drama;'Un hombre con discapacidad intelectual es injustamente encarcelado por la muerte de una niÃ±a, y debe demostrar su inocencia para poder estar de nuevo con su hija.';47;79
30;Alguien volÃ³ sobre el nido del cuco;Drama;'Randle McMurphy (Jack Nicholson), un violador de espÃ­ritu libre, que vive contracorriente, es recluido en un hospital psiquiÃ¡trico. La inflexible disciplina del centro acentÃºa su contagiosa tendencia al desorden, que acabarÃ¡ desencadenando una guerra entre los pacientes y el personal de la clÃ­nica con la frÃ­a y severa enfermera Ratched (Louise Fletcher) a la cabeza. La suerte de cada paciente del pabellÃ³n estÃ¡ en juego.';48;30
70;Toda una vida en un aÃ±o;Drama;'Sigue a Daryn, un adolescente de 17 aÃ±os que tras descubrir que su novia se estÃ¡ muriendo, decide entregarse por completo a ella en lo que le reste de vida.';49;70
32;La leyenda de Hei;AnimaciÃ³n;'Durante generaciones, los humanos han creÃ­do que los demonios eran leyendas, sin saber que realmente coexisten con nosotros. Hei es un gato demonio que ha vivido siempre feliz en los bosques de las montaÃ±as, hasta que la expansiÃ³n de la ciudad acaba destruyendo su propio hogar. En ese momento, Hei comienza a vagar por el mundo buscando un nuevo lugar en el que cobijarse.  Una pelÃ­cula precuela de la serie web Luo Xiao Hei Zhan Ji. Los espectadores descubrirÃ¡n cÃ³mo Xiao Hei obtuvo el apellido Luo. TambiÃ©n se espera que el episodio 28 de la serie sea lanzado justo antes de que la pelÃ­cula se transmita en los cines despuÃ©s de un parÃ©ntesis de 2 aÃ±os.';50;32
41;A Silent Voice;AnimaciÃ³n;'La historia gira en torno a ShÅko Nishimiya, una estudiante de primaria que es sorda de nacimiento y que al cambiarse de colegio comienza a recibir acoso escolar por parte de sus nuevos compaÃ±eros. Uno de los principales responsables es ShÅya Ishida quien termina por forzar que Nishimiya se cambie de escuela. Como resultado de los actos contra Shoko las autoridades del colegio toman cartas en el asunto y el curso seÃ±ala como Ãºnico responsable a Ishida, quien comienza a sentir el acoso impuesto por sus propios compaÃ±eros, al mismo tiempo que termina aislÃ¡ndose de los que alguna vez fueron sus amigos. AÃ±os despuÃ©s, Ishida intenta corregir su mal actuar, buscando la redenciÃ³n frente a Nishimiya.';51;41
75;Intocable;Drama;'Philippe, un aristÃ³crata que se ha quedado tetraplÃ©jico a causa de un accidente de parapente, contrata como cuidador a domicilio a Driss, un inmigrante de un barrio marginal reciÃ©n salido de la cÃ¡rcel. Aunque, a primera vista, no parece la persona mÃ¡s indicada, los dos acaban logrando que convivan Vivaldi y Earth Wind and Fire, la elocuencia y la hilaridad, los trajes de etiqueta y el chÃ¡ndal. Dos mundos enfrentados que, poco a poco, congenian hasta forjar una amistad tan disparatada, divertida y sÃ³lida como inesperada, una relaciÃ³n Ãºnica en su especie de la que saltan chispas.';52;75
61;Siempre nos quedarÃ¡ maÃ±ana;Comedia;'Es primavera y toda la familia estÃ¡ alborotada por el inminente compromiso de la querida hija mayor, Marcella, quien, por su parte, sÃ³lo espera casarse rÃ¡pidamente con un simpÃ¡tico chico de clase media, Giulio, y librarse por fin de esa incÃ³moda familia.';53;61
82;Oldboy: Cinco dÃ­as para vengarse;Drama;"'Min-sik Choi es un hombre de negocios coreano que un dÃ­a es secuestrado y confinado durante aÃ±os en una celda en la que sÃ³lo hay una televisiÃ³n. Y, sin embargo, ignora por quÃ© razÃ³n estÃ¡ allÃ­... Es la segunda parte de la ""trilogÃ­a de la venganza"" de Chan-wook Park.'";54;82
99;La doncella;Thriller;'Corea, dÃ©cada de 1930, durante la colonizaciÃ³n japonesa. Una joven llamada Sookee es contratada como doncella de una rica mujer japonesa, Hideko, que vive recluida en una gran mansiÃ³n bajo la influencia de un tirano. Sookee guarda un secreto y con la ayuda de un estafador que se hace pasar por un conde japonÃ©s, planea algo para Hideko.';54;99
21;Taylor Swift: Gira de estadios Reputation;Musical;'Taylor Swift se sube al escenario en Dallas durante su Reputation Stadium Tour y festeja una gran noche de mÃºsica, recuerdos y magia visual.';55;21
96;Green Book;Drama;"'AÃ±os 60. Cuando Tony Lip, un rudo italoamericano del Bronx, es contratado como chÃ³fer del virtuoso pianista negro Don Shirley durante una gira de conciertos por el Sur de Estados Unidos, deberÃ¡ confiar en ""El libro verde"", una guÃ­a de los pocos establecimientos seguros para los afroamericanos, para encontrar alojamiento. Son dos personas que tendrÃ¡n que hacer frente al racismo y los prejuicios, pero a las que la bondad y el sentido del humor unirÃ¡n, obligÃ¡ndoles a dejar de lado las diferencias para sobrevivir y prosperar en el viaje de su vida.'";56;96
13;El seÃ±or de los anillos: El retorno del rey;Aventura;'Las fuerzas de Saruman han sido destruidas, y su fortaleza sitiada. Ha llegado el momento de que se decida el destino de la Tierra Media, y por primera vez en mucho tiempo, parece que hay una pequeÃ±a esperanza. La atenciÃ³n del seÃ±or oscuro Sauron se centra ahora en Gondor, el Ãºltimo reducto de los hombres, y del cual Aragorn tendrÃ¡ que reclamar el trono para ocupar su puesto de rey. Pero las fuerzas de Sauron ya se preparan para lanzar el Ãºltimo y definitivo ataque contra el reino de Gondor, la batalla que decidirÃ¡ el destino de todos. Mientras tanto, Frodo y Sam continuan su camino hacia Mordor, a la espera de que Sauron no repare en que dos pequeÃ±os Hobbits se acercan cada dÃ­a mÃ¡s al final de su camino, el Monte del Destino.';57;13
33;El seÃ±or de los anillos: La comunidad del anillo;Aventura;'En la Tierra Media, el SeÃ±or Oscuro SaurÃ³n creÃ³ los Grandes Anillos de Poder, forjados por los herreros Elfos. Tres para los reyes Elfos, siete para los SeÃ±ores Enanos, y nueve para los Hombres Mortales. Secretamente, SaurÃ³n tambiÃ©n forjÃ³ un anillo maestro, el Anillo Ãšnico, que contiene en sÃ­ el poder para esclavizar a toda la Tierra Media. Con la ayuda de un grupo de amigos y de valientes aliados, Frodo emprende un peligroso viaje con la misiÃ³n de destruir el Anillo Ãšnico. Pero el SeÃ±or Oscuro Sauron, quien creara el Anillo, envÃ­a a sus servidores para perseguir al grupo. Si Sauron lograra recuperar el Anillo, serÃ­a el final de la Tierra Media.';57;33
40;El seÃ±or de los anillos: Las dos torres;Aventura;'La CompaÃ±Ã­a del Anillo se ha disuelto. El portador del anillo Frodo y su fiel amigo Sam se dirigen hacia Mordor para destruir el Anillo Ãšnico y acabar con el poder de Sauron. Mientras, y tras la dura batalla contra los orcos donde cayÃ³ Boromir, el hombre Aragorn, el elfo Legolas y el enano Gimli intentan rescatar a los medianos Merry y Pipin, secuestrados por los ogros de Mordor. Por su parte, SaurÃ³n y el traidor SarumÃ¡n continÃºan con sus planes en Mordor, en espera de la guerra contra las razas libres de la Tierra Media.';57;40
59;El club de los poetas muertos;Drama;"'En un elitista y estricto colegio privado de Nueva Inglaterra, un grupo de alumnos descubrirÃ¡ la poesÃ­a, el significado de ""Carpe Diem"" -aprovechar el momento- y la importancia de perseguir los sueÃ±os, gracias a un excÃ©ntrico profesor que despierta sus mentes por medio de mÃ©todos poco convencionales.'";58;59
12;Pulp Fiction;Thriller;'Jules y Vincent, dos asesinos a sueldo con muy pocas luces, trabajan para Marsellus Wallace. Vincent le confiesa a Jules que Marsellus le ha pedido que cuide de Mia, su mujer. Jules le recomienda prudencia porque es muy peligroso sobrepasarse con la novia del jefe. Cuando llega la hora de trabajar, ambos deben ponerse manos a la obra. Su misiÃ³n: recuperar un misterioso maletÃ­n.';59;12
86;El rey leÃ³n;Familiar;'La sabana africana es el escenario en el que tienen lugar las aventuras de Simba, un pequeÃ±o leÃ³n que es el heredero del trono. Sin embargo, se ve forzado a exiliarse al ser injustamente acusado de la muerte de su padre. Durante su destierro, harÃ¡ buenas amistades y, finalmente, regresarÃ¡ para recuperar lo que legÃ­timamente le corresponde.';60;86
14;Forrest Gump;Comedia;'Forrest Gump es un chico con deficiencias mentales no muy profundas y con alguna incapacidad motora que, a pesar de todo, llegarÃ¡ a convertirse, entre otras cosas, en un hÃ©roe durante la Guerra del Vietnam. Su persistencia y bondad le llevarÃ¡n a conseguir una gran fortuna, ser objeto del clamor popular y a codearse con las mÃ¡s altas esferas sociales y polÃ­ticas del paÃ­s. Siempre sin olvidar a Jenny, su gran amor desde que era niÃ±o.';61;14
60;Regreso al futuro;Aventura;'Marty McFly, un estudiante de secundaria de 17 aÃ±os, es enviado accidentalmente treinta aÃ±os al pasado en un DeLorean que viaja en el tiempo, inventado por su gran amigo, el excÃ©ntrico cientÃ­fico Doc Brown.';61;60
19;La vida es bella;Comedia;'En 1939, a punto de estallar la Segunda Guerra Mundial (1939-1945), el extravagante Guido llega a Arezzo, en la Toscana, con la intenciÃ³n de abrir una librerÃ­a. AllÃ­ conoce a la encantadora Dora y, a pesar de que es la prometida del fascista Rodolfo, se casa con ella y tiene un hijo. Al estallar la guerra, los tres son internados en un campo de exterminio, donde Guido harÃ¡ lo imposible para hacer creer a su hijo que la terrible situaciÃ³n que estÃ¡n padeciendo es tan sÃ³lo un juego.';62;19
42;El pianista;Drama;'Varsovia, 1939. El pianista polaco de origen judÃ­o Wladyslaw Szpilman (Adrien Brody) interpreta un tema de Chopin en la radio nacional de Polonia mientras la aviaciÃ³n alemana bombardea la capital. El rÃ©gimen nazi ha invadido el paÃ­s, y como hace en otros paÃ­ses invadidos, lleva a cabo la misma polÃ­tica con respecto a los judÃ­os. AsÃ­ Szpilman y toda su familia -sus padres, su hermano y sus dos hermanas- se ven obligados a dejar su casa y todo lo que les pertenece para trasladarse con miles de personas de origen judÃ­o al ghetto de Varsovia. Mientras Wladyslaw trabaja como pianista en un restaurante propiedad de un judÃ­o que colabora con los nazis, su hermano Henryk (Ed Stoppard) prefiere luchar contra los nazis. Pero tres aÃ±os mÃ¡s tarde, los habitantes del ghetto son trasladados en trenes hacia campos de concentraciÃ³n.';63;42
15;El bueno, el feo y el malo;Western;'Durante la Guerra de SecesiÃ³n, tres cazadores de recompensas se lanzan a la bÃºsqueda de un tesoro que ninguno de los tres truhanes puede localizar sin la ayuda de los otros dos. Tuco sabe que el tesoro se encuentra en un cementerio, mientras que Joe conoce el nombre inscrito en la tumba que lo esconde. Mientras tanto, Sentenza no duda en matar a mujeres y niÃ±os para conseguir su meta. De esta forma, los tres hombres colaboran en apariencia, pero al final intentarÃ¡n eliminarse mutuamente.';64;15
28;Ã‰rase una vez en AmÃ©rica;Drama;"'David Aaronson ""Noodles"", un pobre joven judÃ­o, conoce en los suburbios de principios del siglo XX de Manhattan, Nueva York, a Maximilian Bercovicz ""Max"", otro joven de origen hebreo dispuesto a llegar lejos por cualquier mÃ©todo. Entablan una gran amistad y forman, con los 3 colegas de ""Noodles"", Patrick Goldberg ""Patsy"", Philip Stein ""Cockeye"", y Dominic una banda que prospera rÃ¡pidamente. Desgraciadamente, son perseguidos por Bugsy, el tipo para el que Noodles y sus amigos trabajaban anteriormente, y en uno de sus asaltos, mata a Dominic. RÃ¡pidamente Noodles se tira encima suyo y le mata, por lo que pasarÃ¡ 12 aÃ±os en prisiÃ³n. Cuando Noodles sale de prisiÃ³n le recibe Max, que sigue con su banda junto a los otros 2 amigos, Patsy y Cockeye. RÃ¡pidamente, entre los 4, llegan a convertirse, en tiempos de la prohibiciÃ³n, en unos de los mayores gÃ¡nsteres de todo el paÃ­s.'";64;28
72;Hasta que llegÃ³ su hora;Drama;'Mientras los constructores del ferrocarril avanzan imparables por el desierto de Arizona en su camino hacia el mar, Jill llega al pequeÃ±o pueblo de Flagstone con la intenciÃ³n de empezar una nueva vida.';64;72
88;Klaus;AnimaciÃ³n;'Cuando Jesper se distingue como el peor estudiante de la Academia Postal, es enviado a Smeerensburg, un pequeÃ±o pueblo situado en una isla helada cercana al CÃ­rculo Polar Ãrtico, donde los gruÃ±ones habitantes apenas intercambian palabrasâ€¦ y mucho menos cartas. Jesper estÃ¡ a punto de rendirse y abandonar sus deberes como cartero cuando conoce a la profesora local, Alva, y a Klaus, un misterioso carpintero que vive solo en una cabaÃ±a llena de juguetes hechos a mano.';65;88
95;Quiero comerme tu pÃ¡ncreas;AnimaciÃ³n;'Un protagonista anÃ³nimo encuentra un diario en un hospital. El diario pertenece a su compaÃ±era de clase, una niÃ±a llamada Sakura Yamauchi, quien se revela que padece una enfermedad terminal en el pÃ¡ncreas y que solo le quedan unos pocos meses de vida. Sakura explica que la protagonista es la Ãºnica persona aparte de su familia que conoce su condiciÃ³n. El protagonista promete mantener el secreto de Sakura. A pesar de sus personalidades completamente opuestas, la protagonista decide estar junto a Sakura durante sus Ãºltimos meses.';66;95
29;En la misma clase;RomÃ¡ntica;'SajÃ´ y Kusakabe son mÃ¡s o menos igual de altos, tienen la misma edad y van a la misma clase. Por lo demÃ¡s, no puede decirse que tengan mucho en comÃºn. Kusakabe, de carÃ¡cter inquieto y despreocupado, toca en un grupo de rock con sus amigos y deja pasar los dÃ­as sin pensar mucho en el futuro. SajÃ´, en cambio, es un alumno modÃ©lico que no termina de encajar en ese instituto de macarras, al que nadie sabe muy bien cÃ³mo fue a parar. Un dÃ­a, Kusakabe se da cuenta de que su compaÃ±ero no canta en los ensayos del coro para intentar disimular su falta de oÃ­do musical, asÃ­ que se ofrece a darle unas lecciones. Entre refrescos compartidos bajo el sol de verano, nace entre ellos un amor de adolescencia que crecerÃ¡ con el devenir de las estaciones. De la mano, compartiendo sinsabores y alegrÃ­as, ambos se encaminarÃ¡n hacia el final de sus dÃ­as de instituto y el comienzo de la vida adulta.';67;29
5;12 hombres sin piedad;Drama;'Tras escuchar todos los testimonios y valorar las pruebas presentadas, un jurado popular compuesto por doce hombres tiene que decidir, por unanimidad, si absuelve o condena a muerte a un joven acusado de haber matado a su padre. Al principio, once estÃ¡n completamente convencidos de su culpabilidad y se inclinan por la condena, pero el que discrepa empieza a plantear dudas razonables que, poco a poco, van resquebrajando la inicial seguridad de los demÃ¡s.';68;5
98;Seishun Buta Yarou wa Yumemiru Shoujo no Yume wo Minai;AnimaciÃ³n;'En Fujisawa, donde los cielos son brillantes y los mares brillan, Sakuta Azusagawa estÃ¡ en su segundo aÃ±o de secundaria. Sus dÃ­as felices con su novia y estudiante de Ãºltimo aÃ±o, Mai Sakurajima, se ven interrumpidos con la apariciÃ³n de su primer amor, Shouko Makinohara. Por razones desconocidas, se encuentra con dos Shouko: una en la escuela secundaria y otra que se ha convertido en una adulta.  Cuando Sakuta se encuentra impotente viviendo con las dos Shouko, la versiÃ³n adulta causa una gran grieta en su relaciÃ³n con Mai.  En medio de todo esto, descubre que la otra Shouko de escuela secundaria sufre de una enfermedad grave y su cicatriz comienza a latir ...';69;98
76;Senderos de gloria;Drama;'Primera Guerra Mundial (1914-1918). En 1916, en Francia, el general Boulard ordena la conquista de una inexpugnable posiciÃ³n alemana y encarga esa misiÃ³n al ambicioso general Mireau. El encargado de dirigir el ataque serÃ¡ el coronel Dax. La toma de la colina resulta un infierno, y el regimiento emprende la retirada hacia las trincheras. El alto mando militar, irritado por la derrota, decide imponer al regimiento un terrible castigo que sirva de ejemplo a los demÃ¡s soldados.';70;76
4;La lista de Schindler;Drama;'Oskar Schindler, un hombre de enorme astucia y talento para las relaciones pÃºblicas, organiza un ambicioso plan para ganarse la simpatÃ­a de los nazis. DespuÃ©s de la invasiÃ³n de Polonia por los alemanes, consigue, gracias a sus relaciones con los nazis, la propiedad de una fÃ¡brica de Cracovia. AllÃ­ emplea a cientos de operarios judÃ­os, cuya explotaciÃ³n le hace prosperar rÃ¡pidamente. Su gerente, tambiÃ©n judÃ­o, es el verdadero director en la sombra, pues Schindler no tiene el menor conocimiento industrial.';71;4
71;Violet Evergarden: La pelÃ­cula;AnimaciÃ³n;'La historia se retoma desde los Ãºltimos hechos acontecidos en la serie. Violet sigue trabajando como muÃ±eca sin olvidar a Gilbert. En su camino se cruza Ulysse Yurith, un niÃ±o enfermo que le pide a la muÃ±eca que redacte cartas de despedida para su familia. AdemÃ¡s, Violet se topa con una carta que cambiarÃ¡ el destino de su vida. Â¿PodrÃ­a Gilbert haberse salvado y seguir vivo en algÃºn lugar?';72;71
50;En el bosque de la luz de las luciÃ©rnagas;RomÃ¡ntica;'Cuando era pequeÃ±a, Hotaru se perdiÃ³ en el bosque cerca del lugar donde va todos los veranos, la casa de su tÃ­o. AllÃ­ tuvo un extraÃ±o encuentro con Gin que la ayuda a encontrar el camino de vuelta. Gin es un joven que lleva una mÃ¡scara blanca y que, debido a un hechizo, no puede ser tocado por ningÃºn humano. Ella empieza a visitarlo todos los veranos segÃºn va creciendo, mientras espera la llegada del verano, para que su tiempo juntos continÃºe.';73;50
51;American History X;Drama;'Derek (Edward Norton) es un joven californiano que se convierte en el lÃ­der de una banda de neonazis tras el asesinato de su padre. Su hermano pequeÃ±o, Danny, le admira y sigue sus pasos de odio y violencia. Cuando Derek mata a dos ladrones negros, es condenado a tres aÃ±os de cÃ¡rcel, donde cambia su forma de pensar al conocer a otros presos. Al salir, intenta alejar a Danny del racismo y la delincuencia, pero se encuentra con la resistencia de sus antiguos compaÃ±eros y las consecuencias de su pasado.';74;51
25;Gabriel's Inferno;RomÃ¡ntica;'El enigmÃ¡tico y atractivo profesor Gabriel Emerson, reconocido especialista en Dante, es un hombre torturado por su pasado y orgulloso del prestigio que ha conseguido, aunque tambiÃ©n es consciente de que es un imÃ¡n para el pecado y, en especial, para la lujuria.';75;25
31;Gabriel's Inferno: Part II;RomÃ¡ntica;'Basado en la novela mÃ¡s vendida de Sylvain Reynard, el profesor Gabriel Emerson se ha embarcado en un apasionado pero clandestino romance con su antigua alumna, Julia Mitchell.';75;31
34;El infierno de Gabriel Parte 3;RomÃ¡ntica;'';75;34
91;Mommy;Drama;'Una madre viuda se encarga de la educaciÃ³n de su violento hijo sola. Pero cuando parecÃ­a que todo estaba perdido, un soplo de esperanza llega al conocer a su misteriosa nueva vecina: una mujer que se integra ella misma en la vida de la madre y su hijo propocionando a la madre el apoyo que anhelaba.';76;91